{
  "swagger" : "2.0",
  "info" : {
    "version" : "1.0",
    "title" : "Summary about the new REST service.",
    "description" : "Summary about the new REST service."
  },
  "host" : "localhost:9080",
  "basePath" : "/",
  "schemes" : [ "http" ],
  "paths" : {
    "/salesreportforitem" : {
      "get" : {
        "description" : "",
        "operationId" : "get-salesreportforitem",
        "consumes" : [ "application/json" ],
        "produces" : [ "application/json" ],
        "parameters" : [ {
          "name" : "SKU",
          "in" : "query",
          "description" : "",
          "type" : "string",
          "required" : false
        } ],
        "responses" : {
          "200" : {
            "description" : "a itemSalesReport to be returned",
            "schema" : {
              "$ref" : "#/definitions/itemSalesReport"
            }
          }
        }
      }
    },
    "/salesreportfordate" : {
      "get" : {
        "description" : "",
        "operationId" : "get-salesreportfordate",
        "consumes" : [ "application/json" ],
        "produces" : [ "application/json" ],
        "parameters" : [ {
          "name" : "date",
          "in" : "query",
          "description" : "",
          "type" : "string",
          "format" : "date",
          "required" : false
        } ],
        "responses" : {
          "200" : {
            "description" : "a salesReport to be returned",
            "schema" : {
              "$ref" : "#/definitions/salesReport"
            }
          }
        }
      }
    }
  },
  "definitions" : {
    "salesReport" : {
      "type" : "object",
      "required" : [ "transactionDate" ],
      "properties" : {
        "transactionDate" : {
          "type" : "string",
          "format" : "date"
        },
        "lineItem" : {
          "type" : "array",
          "items" : {
            "$ref" : "#/definitions/lineItem",
            "uniqueItems" : false
          }
        }
      }
    },
    "lineItem" : {
      "type" : "object",
      "required" : [ "description", "sku", "itemsSold" ],
      "properties" : {
        "sku" : {
          "type" : "string"
        },
        "description" : {
          "type" : "string"
        },
        "itemsSold" : {
          "type" : "integer"
        }
      }
    },
    "itemSalesReport" : {
      "type" : "object",
      "required" : [ "description", "sku" ],
      "properties" : {
        "sku" : {
          "type" : "string"
        },
        "description" : {
          "type" : "string"
        },
        "lineItem" : {
          "type" : "array",
          "items" : {
            "$ref" : "#/definitions/lineItem",
            "uniqueItems" : false
          }
        }
      }
    }
  }
}